<?xml version="1.0" encoding="UTF-8"?>
<project-private xmlns="http://www.netbeans.org/ns/project-private/1">
    <editor-bookmarks xmlns="http://www.netbeans.org/ns/editor-bookmarks/2" lastBookmarkId="0"/>
    <open-files xmlns="http://www.netbeans.org/ns/projectui-open-files/2">
        <group>
            <file>file:/C:/Users/Edjane/Documents/NetBeansProjects/Cadastro_teste/src/views/InterfaceProfessor.java</file>
            <file>file:/C:/Users/Edjane/Documents/NetBeansProjects/Cadastro_teste/src/views/TelaLogin.java</file>
            <file>file:/C:/Users/Edjane/Documents/NetBeansProjects/Cadastro_teste/src/views/TelaInicial.java</file>
            <file>file:/C:/Users/Edjane/Documents/NetBeansProjects/Cadastro_teste/src/dao/ProfessoresDAO.java</file>
            <file>file:/C:/Users/Edjane/Documents/NetBeansProjects/Cadastro_teste/src/models/Professores.java</file>
        </group>
    </open-files>
</project-private>
